순번,학수번호,교과명,교수성명,점수,소속학과,구분,Unnamed: 7,outline,goal,keyword
1,9805001,객체지향프로그래밍,노웅기,87.6,AI·소프트웨어학부(소프트웨어전공),전공,,이 과정에서는 Java 프로그래밍 언어를 사용한 객체 지향 프로그래밍의 기본 개념을 소개합니다.,- 객체지향적 원리 이해 - 흥미로운 주제에 대한 프로그래밍을 통해 프로그래밍 능력을 강화 - 모바일 프로그래밍을 포함한 광범위한 프로그래밍 영역을 경험하기 위해 - 학생들의 학습으로 정보를 찾고 문제를 해결하기 위해',"프로그래밍, 4/"
2,9805003,객체지향프로그래밍,최재혁,97,AI·소프트웨어학부(소프트웨어전공),전공,,"객체 지향 프로그래밍을 소개합니다. 클래스 및 객체가 있는 구조화된 설계의 기본 사항에 초점을 맞춥니다. 개발, 테스트, 구현 및 문서화를 포함합니다.",1. 객체 지향 개념을 이해하고 사용하여 재사용 가능하고 안정적이며 유지 관리 가능한 소프트웨어 2. Java 프로그래밍 언어를 사용하여 문제 해결,"객체, 2/사용, 2/"
3,13053001,데이터과학,김원,92.8,AI·소프트웨어학부,전공,,"이 과정에서는 빅데이터 및 머신러닝 프로젝트의 엔드 투 엔드 프로세스에 대해 중점적으로 설명합니다. 이 프로세스에는 데이터 큐레이션, 데이터 탐색, 데이터 전처리, 데이터 마이닝 알고리즘 사용 및 결과 평가가 포함됩니다.",이 과정의 목적은 학생들에게 데이터 전처리에 중점을 두고 빅 데이터와 머신러닝 프로젝트의 엔드 투 엔드 프로세스에 대한 느낌을 주는 것이다. 이 과정의 이 부분이 빅데이터와 머신러닝 프로젝트의 궁극적인 성패를 결정합니다.,"데이터, 6/엔드, 4/과정, 3/머신, 3/러닝, 3/프로젝트, 3/프로세스, 3/중점, 2/처리, 2/"
4,13053002,데이터과학,노웅기,94.4,AI·소프트웨어학부(소프트웨어전공),전공,,이 과정에서는 파이썬 기반 오픈 소스 도구를 이용한 데이터 과학과 빅 데이터 분석에 대한 기본 개념을 소개한다.,데이터 사이언스 프로세스 - 데이터 전처리 - 데이터 마이닝 알고리즘 - 데이터 사이언스를 위한 파이썬 코딩'을 배우게 될 것이다.',"데이터, 4/파이썬, 2/사이언스, 2/"
5,13177001,딥러닝,황효석,95.2,AI·소프트웨어학부(소프트웨어전공),전공,,이 과정의 목표는 딥 러닝에 대한 소개를 제공하는 것입니다.',"딥 러닝의 기본 개념을 학습하라 다양한 아키텍처, 즉 컨볼루션 신경망, 반복 신경망 및 생성적 적대 네트워크를 학습한다. Tensorflow 및 Pytorch를 사용한 연습","러닝, 2/학습, 2/신경망, 2/"
6,9031001,멀티미디어및실습,정용주,91.5,AI·소프트웨어학부(소프트웨어전공),전공,,- 멀티미디어는 현대 컴퓨터 기술에서 없어서는 안 될 부분이 되었다. - 이 강좌에서 학생들은 멀티미디어 시스템 설계와 실제 경험의 원리와 현재 기술을 배울 것이다.',"이 과정에서는 소리, 이미지, 비디오, 하드웨어 및 소프트웨어 구성 요소와 멀티미디어에서의 상호 작용의 필요성을 포함한 다양한 미디어 요소를 소개합니다. 특히, 이 강좌는 많은 프로그래밍 랩을 수행함으로써 이미지 처리와 컴퓨터 비전 기술에 초점을 맞춘다. 이와 관련된 기초 기술을 도입함으로써, 학생들의 상상력과 창의력을 계발할 수 있도록 돕고 장려하는 것을 목표로 하고 있습니다.","기술, 4/멀티미디어, 3/강좌, 2/학생, 2/이미지, 2/"
7,13247001,센서와 무선 네트워크,최재혁,99.2,AI·소프트웨어학부(소프트웨어전공),전공,,"사물 인터넷(IoT)은 네트워킹, 감지, 빅데이터 및 인공지능 기술을 활용하여 제품 또는 서비스에 대한 완벽한 시스템을 제공하는 고급 자동화 및 분석 시스템입니다. 이 과정에서는 사물인터넷(IoT)의 다양한 주제에 대해 연구할 것입니다. 여기에는 이러한 종류의 장치를 만드는 데 사용되는 기술, 통신 방법, 데이터 저장 방법, 그리고 이러한 장치를 지원하는 데 필요한 분산 시스템의 종류가 포함됩니다.","이 과정의 전반적인 목표는 처음부터 IoT 시스템을 구축할 수 있도록 지원하는 것입니다. 또한 IoT를 활성화하기 위해 사용되는 무선 통신의 다양한 주제에 대해 공부하게 될 것입니다. 이 과정 동안, 여러분은 여러분이 접하게 될 다양한 종류의 사물인터넷 시스템을 배우고, 대표적인 기술을 사용하여 사물인터넷 시스템을 만들 것입니다.","시스템, 6/기술, 3/과정, 3/사물, 3/인터넷, 3/종류, 3/사용, 3/데이터, 2/주제, 2/장치, 2/방법, 2/지원, 2/"
8,10177001,소프트웨어공학,정옥란,94.3,AI·소프트웨어학부(소프트웨어전공),전공,,"소프트웨어 공학은 인류의 미래를 위해 매우 중요한 기술이며, 이제 이 과정에서는 전체 주제를 다루기가 불가능할 정도로 거대한 분야이다. 이 과정에서는 모든 개발 프로세스에 필수적인 중요한 주제와 유용한 소프트웨어 테스트 도구가 있는 신뢰할 수 있는 분산형 시스템 개발에 관련된 주제를 가르칩니다.","이 과정은 소프트웨어 테스트 기술, 구성 관리, 프로젝트 관리 등을 포함한 소프트웨어 프로세스 모델, 사양 및 설계 기술을 가르칩니다. 이 과정을 성공적으로 이수하는 학생은 유효한 소프트웨어를 효율적인 코드로 변환하는 과정을 시연하고 소프트웨어 테스트를 실행할 수 있습니다.","과정, 5/기술, 3/주제, 3/소프트웨어 테스트, 3/개발, 2/프로세스, 2/소프트웨어, 2/"
9,13221002,소프트웨어산업세미나,정용주,96,AI·소프트웨어학부(소프트웨어전공),전공,,"이 수업은 학생들이 소프트웨어가 핵심 역할을 하는 산업들과 그 산업에 속한 기업들에 대해 조사하고 report을 작성하여 제출한다. 산업에는 IT서비스, 스마트폰, 자율주행, 게임, 보안, 통신, 운수, 물류, 등등이 있다,",학생들이 4학년에 시작할 진로 탐색 및 조사에 대한 사전 훈련의 기회를 제공한다. 구직활동의 시작은 자기소개서 작성이다. 자기소개서 작성을 잘하려면 글쓰기 훈련이 필요하다. 이 수업에서 report을 작성하면서 글쓰기 훈련도 겸한다. 또한 그동안 수업시간에 배운 전공 수업이 기업에서 어떻게 적용되는지도 일깨워 준다.',"수업, 4/작성, 4/산업, 3/훈련, 3/학생, 2/기업, 2/조사, 2/시작, 2/소개서, 2/글쓰기, 2/"
10,13221002,소프트웨어산업세미나,강상우,95.8,AI·소프트웨어학부(소프트웨어전공),전공,,"이 수업은 학생들이 소프트웨어가 핵심 역할을 하는 산업들과 그 산업에 속한 기업들에 대해 조사하고 report을 작성하여 제출한다. 산업에는 IT서비스, 스마트폰, 자율주행, 게임, 보안, 통신, 운수, 물류, 등등이 있다,",학생들이 4학년에 시작할 진로 탐색 및 조사에 대한 사전 훈련의 기회를 제공한다. 구직활동의 시작은 자기소개서 작성이다. 자기소개서 작성을 잘하려면 글쓰기 훈련이 필요하다. 이 수업에서 report을 작성하면서 글쓰기 훈련도 겸한다. 또한 그동안 수업시간에 배운 전공 수업이 기업에서 어떻게 적용되는지도 일깨워 준다.',"수업, 4/작성, 4/산업, 3/훈련, 3/학생, 2/기업, 2/조사, 2/시작, 2/소개서, 2/글쓰기, 2/"
11,13221002,소프트웨어산업세미나,최재혁,95.8,AI·소프트웨어학부(소프트웨어전공),전공,,"이 수업은 학생들이 소프트웨어가 핵심 역할을 하는 산업들과 그 산업에 속한 기업들에 대해 조사하고 report을 작성하여 제출한다. 산업에는 IT서비스, 스마트폰, 자율주행, 게임, 보안, 통신, 운수, 물류, 등등이 있다,",학생들이 4학년에 시작할 진로 탐색 및 조사에 대한 사전 훈련의 기회를 제공한다. 구직활동의 시작은 자기소개서 작성이다. 자기소개서 작성을 잘하려면 글쓰기 훈련이 필요하다. 이 수업에서 report을 작성하면서 글쓰기 훈련도 겸한다. 또한 그동안 수업시간에 배운 전공 수업이 기업에서 어떻게 적용되는지도 일깨워 준다.',"수업, 4/작성, 4/산업, 3/훈련, 3/학생, 2/기업, 2/조사, 2/시작, 2/소개서, 2/글쓰기, 2/"
12,13221002,소프트웨어산업세미나,이상웅,95.6,AI·소프트웨어학부(소프트웨어전공),전공,,"이 수업은 학생들이 소프트웨어가 핵심 역할을 하는 산업들과 그 산업에 속한 기업들에 대해 조사하고 report을 작성하여 제출한다. 산업에는 IT서비스, 스마트폰, 자율주행, 게임, 보안, 통신, 운수, 물류, 등등이 있다,",학생들이 4학년에 시작할 진로 탐색 및 조사에 대한 사전 훈련의 기회를 제공한다. 구직활동의 시작은 자기소개서 작성이다. 자기소개서 작성을 잘하려면 글쓰기 훈련이 필요하다. 이 수업에서 report을 작성하면서 글쓰기 훈련도 겸한다. 또한 그동안 수업시간에 배운 전공 수업이 기업에서 어떻게 적용되는지도 일깨워 준다.',"수업, 4/작성, 4/산업, 3/훈련, 3/학생, 2/기업, 2/조사, 2/시작, 2/소개서, 2/글쓰기, 2/"
13,13221002,소프트웨어산업세미나,조정찬,95.2,AI·소프트웨어학부(소프트웨어전공),전공,,"이 수업은 학생들이 소프트웨어가 핵심 역할을 하는 산업들과 그 산업에 속한 기업들에 대해 조사하고 report을 작성하여 제출한다. 산업에는 IT서비스, 스마트폰, 자율주행, 게임, 보안, 통신, 운수, 물류, 등등이 있다,",학생들이 4학년에 시작할 진로 탐색 및 조사에 대한 사전 훈련의 기회를 제공한다. 구직활동의 시작은 자기소개서 작성이다. 자기소개서 작성을 잘하려면 글쓰기 훈련이 필요하다. 이 수업에서 report을 작성하면서 글쓰기 훈련도 겸한다. 또한 그동안 수업시간에 배운 전공 수업이 기업에서 어떻게 적용되는지도 일깨워 준다.',"수업, 4/작성, 4/산업, 3/훈련, 3/학생, 2/기업, 2/조사, 2/시작, 2/소개서, 2/글쓰기, 2/"
14,13221002,소프트웨어산업세미나,정윤현,95.4,AI·소프트웨어학부(인공지능전공),전공,,"이 수업은 학생들이 소프트웨어가 핵심 역할을 하는 산업들과 그 산업에 속한 기업들에 대해 조사하고 report을 작성하여 제출한다. 산업에는 IT서비스, 스마트폰, 자율주행, 게임, 보안, 통신, 운수, 물류, 등등이 있다,",학생들이 4학년에 시작할 진로 탐색 및 조사에 대한 사전 훈련의 기회를 제공한다. 구직활동의 시작은 자기소개서 작성이다. 자기소개서 작성을 잘하려면 글쓰기 훈련이 필요하다. 이 수업에서 report을 작성하면서 글쓰기 훈련도 겸한다. 또한 그동안 수업시간에 배운 전공 수업이 기업에서 어떻게 적용되는지도 일깨워 준다.',"수업, 4/작성, 4/산업, 3/훈련, 3/학생, 2/기업, 2/조사, 2/시작, 2/소개서, 2/글쓰기, 2/"
15,13221001,소프트웨어산업세미나,정옥란,90.6,AI·소프트웨어학부(소프트웨어전공),전공,,"이 수업은 학생들이 소프트웨어가 핵심 역할을 하는 산업들과 그 산업에 속한 기업들에 대해 조사하고 report을 작성하여 제출한다. 산업에는 IT서비스, 스마트폰, 자율주행, 게임, 보안, 통신, 운수, 물류, 등등이 있다.'",학생들이 4학년에 시작할 진로 탐색 및 조사에 대한 사전 훈련의 기회를 제공한다. 구직활동의 시작은 자기소개서 작성이다. 자기소개서 작성을 잘하려면 글쓰기 훈련이 필요하다. 이 수업에서 report을 작성하면서 글쓰기 훈련도 겸한다. 또한 그동안 수업시간에 배운 전공 수업이 기업에서 어떻게 적용되는지도 일깨워 준다.',"수업, 4/작성, 4/산업, 3/훈련, 3/학생, 2/기업, 2/조사, 2/시작, 2/소개서, 2/글쓰기, 2/"
16,13221001,소프트웨어산업세미나,황효석,90,AI·소프트웨어학부(소프트웨어전공),전공,,"이 수업은 학생들이 소프트웨어가 핵심 역할을 하는 산업들과 그 산업에 속한 기업들에 대해 조사하고 report을 작성하여 제출한다. 산업에는 IT서비스, 스마트폰, 자율주행, 게임, 보안, 통신, 운수, 물류, 등등이 있다.'",학생들이 4학년에 시작할 진로 탐색 및 조사에 대한 사전 훈련의 기회를 제공한다. 구직활동의 시작은 자기소개서 작성이다. 자기소개서 작성을 잘하려면 글쓰기 훈련이 필요하다. 이 수업에서 report을 작성하면서 글쓰기 훈련도 겸한다. 또한 그동안 수업시간에 배운 전공 수업이 기업에서 어떻게 적용되는지도 일깨워 준다.',"수업, 4/작성, 4/산업, 3/훈련, 3/학생, 2/기업, 2/조사, 2/시작, 2/소개서, 2/글쓰기, 2/"
17,13221001,소프트웨어산업세미나,이주형,89,AI·소프트웨어학부(소프트웨어전공),전공,,"이 수업은 학생들이 소프트웨어가 핵심 역할을 하는 산업들과 그 산업에 속한 기업들에 대해 조사하고 report을 작성하여 제출한다. 산업에는 IT서비스, 스마트폰, 자율주행, 게임, 보안, 통신, 운수, 물류, 등등이 있다.'",학생들이 4학년에 시작할 진로 탐색 및 조사에 대한 사전 훈련의 기회를 제공한다. 구직활동의 시작은 자기소개서 작성이다. 자기소개서 작성을 잘하려면 글쓰기 훈련이 필요하다. 이 수업에서 report을 작성하면서 글쓰기 훈련도 겸한다. 또한 그동안 수업시간에 배운 전공 수업이 기업에서 어떻게 적용되는지도 일깨워 준다.',"수업, 4/작성, 4/산업, 3/훈련, 3/학생, 2/기업, 2/조사, 2/시작, 2/소개서, 2/글쓰기, 2/"
18,13221001,소프트웨어산업세미나,노웅기,88.8,AI·소프트웨어학부(소프트웨어전공),전공,,"이 수업은 학생들이 소프트웨어가 핵심 역할을 하는 산업들과 그 산업에 속한 기업들에 대해 조사하고 report을 작성하여 제출한다. 산업에는 IT서비스, 스마트폰, 자율주행, 게임, 보안, 통신, 운수, 물류, 등등이 있다.'",학생들이 4학년에 시작할 진로 탐색 및 조사에 대한 사전 훈련의 기회를 제공한다. 구직활동의 시작은 자기소개서 작성이다. 자기소개서 작성을 잘하려면 글쓰기 훈련이 필요하다. 이 수업에서 report을 작성하면서 글쓰기 훈련도 겸한다. 또한 그동안 수업시간에 배운 전공 수업이 기업에서 어떻게 적용되는지도 일깨워 준다.',"수업, 4/작성, 4/산업, 3/훈련, 3/학생, 2/기업, 2/조사, 2/시작, 2/소개서, 2/글쓰기, 2/"
19,13221001,소프트웨어산업세미나,한명묵,88.4,AI·소프트웨어학부(소프트웨어전공),전공,,"이 수업은 학생들이 소프트웨어가 핵심 역할을 하는 산업들과 그 산업에 속한 기업들에 대해 조사하고 report을 작성하여 제출한다. 산업에는 IT서비스, 스마트폰, 자율주행, 게임, 보안, 통신, 운수, 물류, 등등이 있다.'",학생들이 4학년에 시작할 진로 탐색 및 조사에 대한 사전 훈련의 기회를 제공한다. 구직활동의 시작은 자기소개서 작성이다. 자기소개서 작성을 잘하려면 글쓰기 훈련이 필요하다. 이 수업에서 report을 작성하면서 글쓰기 훈련도 겸한다. 또한 그동안 수업시간에 배운 전공 수업이 기업에서 어떻게 적용되는지도 일깨워 준다.',"수업, 4/작성, 4/산업, 3/훈련, 3/학생, 2/기업, 2/조사, 2/시작, 2/소개서, 2/글쓰기, 2/"
20,13221001,소프트웨어산업세미나,최재영,89,AI·소프트웨어학부(인공지능전공),전공,,"이 수업은 학생들이 소프트웨어가 핵심 역할을 하는 산업들과 그 산업에 속한 기업들에 대해 조사하고 report을 작성하여 제출한다. 산업에는 IT서비스, 스마트폰, 자율주행, 게임, 보안, 통신, 운수, 물류, 등등이 있다.'",학생들이 4학년에 시작할 진로 탐색 및 조사에 대한 사전 훈련의 기회를 제공한다. 구직활동의 시작은 자기소개서 작성이다. 자기소개서 작성을 잘하려면 글쓰기 훈련이 필요하다. 이 수업에서 report을 작성하면서 글쓰기 훈련도 겸한다. 또한 그동안 수업시간에 배운 전공 수업이 기업에서 어떻게 적용되는지도 일깨워 준다.',"수업, 4/작성, 4/산업, 3/훈련, 3/학생, 2/기업, 2/조사, 2/시작, 2/소개서, 2/글쓰기, 2/"
21,9437001,소프트웨어수학,이주형,96.1,AI·소프트웨어학부(소프트웨어전공),전공,,"이산 수학과 컴퓨터 과학. - 이산 수학의 개념은 컴퓨터 알고리즘과 프로그래밍 언어에서 대상과 문제를 설명하는데 유용하다. - 이것들은 암호학, 자동화된 정리 증명, 그리고 소프트웨어 개발에 응용된다.","학생들에게 컴퓨터 과학의 핵심인 이산 수학의 다양한 수학적 도구를 소개합니다 - 문장을 엄격하게 쓰는 방법 - 정리, 레마 등을 읽고 쓰는 방법 - 엄격한 증명을 작성하는 방법","수학, 4/이산, 3/방법, 3/컴퓨터 과학, 2/정리, 2/증명, 2/"
22,9437002,소프트웨어수학,이상웅,91.6,AI·소프트웨어학부(소프트웨어전공),전공,,"이 과정에서는 학생들에게 HTML(Hyper TextMarkup Language), CSS(Cascading Style Sheet), JavaScript 및 PHP 코딩 실습에 대한 포괄적인 마스터를 제공합니다. 이러한 웹 사이트를 적절하게 사용하는 방법과 유연하고 사용자 친화적이며 강력한 웹 사이트를 구축하는 방법을 배우게 됩니다.",목표: - 웹 응용 프로그램 개발을 위한 가장 중요한 기술에 대한 심층적이고 비판적이며 체계적인 이해를 학생에게 제공합니다. - 이러한 기술이 오늘날의 웹 사이트에서 어떻게 사용되는지 보여줍니다. - 우수한 웹 사이트 설계 원칙의 특성에 대한 지식을 제공합니다.,"사이트, 4/제공, 3/학생, 2/사용, 2/방법, 2/기술, 2/"
23,9806001,운영체제,황효석,95.7,AI·소프트웨어학부(소프트웨어전공),전공,,이 강좌의 목표는 현대 운영 체제의 내부 작동에 대한 소개를 제공하는 것입니다.',"운영 체제의 기본 개념 학습 프로세스 및 스레드, 상호 제외, CPU 스케줄링, 교착 상태, 메모리 관리 및 파일 시스템 등 운영 체제의 다양한 하위 시스템을 학습합니다. Linux OS의 통합 및 사용법을 소개합니다.","운영 체제, 3/소개, 2/학습, 2/"
24,9806003,운영체제,정윤현,95.6,AI·소프트웨어학부(인공지능전공),전공,,이 강좌의 목표는 최신 운영 체제의 내부 작동에 대한 소개를 제공하는 것입니다.,"운영 체제의 기본 개념 학습 프로세스 및 스레드, 상호 제외, CPU 스케줄링, 교착 상태, 메모리 관리 및 파일 시스템 등 운영 체제의 다양한 하위 시스템을 학습합니다. Linux OS의 개념 및 사용법을 소개합니다.","운영 체제, 3/소개, 2/개념, 2/학습, 2/"
25,9656001,웹프로그래밍,이상웅,90.6,AI·소프트웨어학부(소프트웨어전공),전공,,"이 과정에서는 학생들에게 HTML(Hyper TextMarkup Language), CSS(Cascading Style Sheet), JavaScript 및 PHP 코딩 실습에 대한 포괄적인 마스터를 제공합니다. 여러분은 그것들을 적절하게 사용하는 방법과 유연하고, 사용자 친화적이며, 강력한 웹사이트를 만들기 위해 그것들을 결합하는 방법을 배울 것입니다.",목표: - 웹 응용 프로그램 개발을 위한 가장 중요한 기술에 대한 심층적이고 비판적이며 체계적인 이해를 학생에게 제공합니다. - 이러한 기술이 오늘날의 웹 사이트에서 어떻게 사용되는지 보여줍니다. - 우수한 웹 사이트 설계 원칙의 특성에 대한 지식을 제공합니다.,"제공, 3/학생, 2/사용, 2/방법, 2/기술, 2/사이트, 2/"
26,9656003,웹프로그래밍,강상우,93,AI·소프트웨어학부(소프트웨어전공),전공,,"이 과정에서는 학생들에게 HTML(Hyper TextMarkup Language), CSS(Cascading Style Sheet), JavaScript 및 PHP 코딩 실습에 대한 포괄적인 마스터를 제공합니다. 이러한 웹 사이트를 적절하게 사용하는 방법과 유연하고 사용자 친화적이며 강력한 웹 사이트를 구축하는 방법을 배우게 됩니다.",목표: - 웹 응용 프로그램 개발을 위한 가장 중요한 기술에 대한 심층적이고 비판적이며 체계적인 이해를 학생에게 제공합니다. - 이러한 기술이 오늘날의 웹 사이트에서 어떻게 사용되는지 보여줍니다. - 우수한 웹 사이트 설계 원칙의 특성에 대한 지식을 제공합니다.,"사이트, 4/제공, 3/학생, 2/사용, 2/방법, 2/기술, 2/"
27,11852001,졸업작품1,정윤현,97.4,AI·소프트웨어학부(인공지능전공),전공,,지도교수 지도 하에 조별 프로젝트 수행,"1. 소프트웨어 설계, 개발, 테스트, 문서화 등의 전반적인 flow에 대한 경험 습득 2. 심화기술 지식 습득 3. 팀 프로젝트 경험 습득","습득, 3/지도, 2/프로젝트, 2/경험, 2/"
28,11852001,졸업작품1,노웅기,96.6,AI·소프트웨어학부(소프트웨어전공),전공,,지도교수 지도 하에 조별 프로젝트 수행,"1. 소프트웨어 설계, 개발, 테스트, 문서화 등의 전반적인 flow에 대한 경험 습득 2. 심화기술 지식 습득 3. 팀 프로젝트 경험 습득","습득, 3/지도, 2/프로젝트, 2/경험, 2/"
29,11852001,졸업작품1,정옥란,99.6,AI·소프트웨어학부(소프트웨어전공),전공,,지도교수 지도 하에 조별 프로젝트 수행,"1. 소프트웨어 설계, 개발, 테스트, 문서화 등의 전반적인 flow에 대한 경험 습득 2. 심화기술 지식 습득 3. 팀 프로젝트 경험 습득","습득, 3/지도, 2/프로젝트, 2/경험, 2/"
30,11852002,졸업작품1,정용주,98.6,AI·소프트웨어학부(소프트웨어전공),전공,,X,X,X
31,11852002,졸업작품1,이상웅,98.4,AI·소프트웨어학부(소프트웨어전공),전공,,X,X,X
32,11852002,졸업작품1,황효석,98.4,AI·소프트웨어학부(소프트웨어전공),전공,,X,X,X
33,11852003,졸업작품1,최재영,93.6,AI·소프트웨어학부(인공지능전공),전공,,- 3학기 간에 걸쳐 졸업작품이 진행됨 - 3~4명으로 팀을 구성하고 지도교수님이 선정되어 팀프로젝트로 수업이 진행됨',"3학기에 걸친 대규모 프로젝트 수행을 통하여 다음과 같은 목표를 달성한다 - 소프트웨어의 설계, 개발, 테스트, 문서화등의 전반적인 작업에 대한 경험 습득 - 심화 기술에 대한 지식 습득 - 팀 프로젝트 경험 습득","프로젝트, 3/습득, 3/학기, 2/진행, 2/경험, 2/"
34,11852003,졸업작품1,강상우,97,AI·소프트웨어학부(소프트웨어전공),전공,,'- 3학기 간에 걸쳐 졸업작품이 진행됨 - 3~4명으로 팀을 구성하고 지도교수님이 선정되어 팀프로젝트로 수업이 진행됨',"3학기에 걸친 대규모 프로젝트 수행을 통하여 다음과 같은 목표를 달성한다 - 소프트웨어의 설계, 개발, 테스트, 문서화등의 전반적인 작업에 대한 경험 습득 - 심화 기술에 대한 지식 습득 - 팀 프로젝트 경험 습득","프로젝트, 3/습득, 3/학기, 2/진행, 2/경험, 2/"
35,11852003,졸업작품1,한명묵,87.2,AI·소프트웨어학부(소프트웨어전공),전공,,'- 3학기 간에 걸쳐 졸업작품이 진행됨 - 3~4명으로 팀을 구성하고 지도교수님이 선정되어 팀프로젝트로 수업이 진행됨',"3학기에 걸친 대규모 프로젝트 수행을 통하여 다음과 같은 목표를 달성한다 - 소프트웨어의 설계, 개발, 테스트, 문서화등의 전반적인 작업에 대한 경험 습득 - 심화 기술에 대한 지식 습득 - 팀 프로젝트 경험 습득","프로젝트, 3/습득, 3/학기, 2/진행, 2/경험, 2/"
36,11852004,졸업작품1,이주형,98.2,AI·소프트웨어학부(소프트웨어전공),전공,,'- 3학기 간에 걸쳐 졸업작품이 진행됨 - 3~4명으로 팀을 구성하고 지도교수님이 선정되어 팀프로젝트로 수업이 진행됨',"3학기에 걸친 대규모 프로젝트 수행을 통하여 다음과 같은 목표를 달성한다: - 소프트웨어의 설계, 개발, 테스트, 문서화등의 전반적인 작업에 대한 경험 습득 - 심화 기술에 대한 지식 습득 - 팀 프로젝트 경험 습득","프로젝트, 3/습득, 3/학기, 2/진행, 2/경험, 2/"
37,11852004,졸업작품1,조정찬,98.2,AI·소프트웨어학부(소프트웨어전공),전공,,'- 3학기 간에 걸쳐 졸업작품이 진행됨 - 3~4명으로 팀을 구성하고 지도교수님이 선정되어 팀프로젝트로 수업이 진행됨',"3학기에 걸친 대규모 프로젝트 수행을 통하여 다음과 같은 목표를 달성한다: - 소프트웨어의 설계, 개발, 테스트, 문서화등의 전반적인 작업에 대한 경험 습득 - 심화 기술에 대한 지식 습득 - 팀 프로젝트 경험 습득","프로젝트, 3/습득, 3/학기, 2/진행, 2/경험, 2/"
38,11852004,졸업작품1,최재혁,97.8,AI·소프트웨어학부(소프트웨어전공),전공,,'- 3학기 간에 걸쳐 졸업작품이 진행됨 - 3~4명으로 팀을 구성하고 지도교수님이 선정되어 팀프로젝트로 수업이 진행됨',"3학기에 걸친 대규모 프로젝트 수행을 통하여 다음과 같은 목표를 달성한다: - 소프트웨어의 설계, 개발, 테스트, 문서화등의 전반적인 작업에 대한 경험 습득 - 심화 기술에 대한 지식 습득 - 팀 프로젝트 경험 습득","프로젝트, 3/습득, 3/학기, 2/진행, 2/경험, 2/"
39,12948004,졸업작품Ⅲ,조정찬,98.8,AI·소프트웨어학부(소프트웨어전공),전공,,'- 3학기 간에 걸쳐 졸업작품이 진행됨 - 3~4명으로 팀을 구성하고 지도교수님이 선정되어 팀 프로젝트로 수업이 진행됨',"3학기에 걸친 대규모 프로젝트 수행을 통하여 다음과 같은 목표를 달성한다: - 소프트웨어의 설계, 개발, 테스트, 문서화등의 전반적인 작업에 대한 경험 습득 - 심화 기술에 대한 지식 습득 - 팀 프로젝트 경험 습득'","프로젝트, 3/습득, 3/학기, 2/진행, 2/경험, 2/"
40,12948001,졸업작품Ⅲ,정옥란,98.8,AI·소프트웨어학부(소프트웨어전공),전공,,'- 3학기 간에 걸쳐 졸업작품이 진행됨 - 3~4명으로 팀을 구성하고 지도교수님이 선정되어 팀 프로젝트로 수업이 진행됨',"'- 소프트웨어의 설계, 개발, 테스트, 문서화등의 전반적인 작업에 대한 경험 습득 - 심화 기술에 대한 지식 습득 - 팀 프로젝트 경험 습득'","습득, 3/진행, 2/프로젝트, 2/경험, 2/"
41,12948001,졸업작품Ⅲ,노웅기,98.4,AI·소프트웨어학부(소프트웨어전공),전공,,'- 3학기 간에 걸쳐 졸업작품이 진행됨 - 3~4명으로 팀을 구성하고 지도교수님이 선정되어 팀 프로젝트로 수업이 진행됨',"'- 소프트웨어의 설계, 개발, 테스트, 문서화등의 전반적인 작업에 대한 경험 습득 - 심화 기술에 대한 지식 습득 - 팀 프로젝트 경험 습득'","습득, 3/진행, 2/프로젝트, 2/경험, 2/"
42,12948001,졸업작품Ⅲ,정윤현,99.8,AI·소프트웨어학부(인공지능전공),전공,,'- 3학기 간에 걸쳐 졸업작품이 진행됨 - 3~4명으로 팀을 구성하고 지도교수님이 선정되어 팀 프로젝트로 수업이 진행됨',"'- 소프트웨어의 설계, 개발, 테스트, 문서화등의 전반적인 작업에 대한 경험 습득 - 심화 기술에 대한 지식 습득 - 팀 프로젝트 경험 습득'","습득, 3/진행, 2/프로젝트, 2/경험, 2/"
43,12948002,졸업작품Ⅲ,이상웅,96,AI·소프트웨어학부(소프트웨어전공),전공,,'- 3학기 간에 걸쳐 졸업작품이 진행됨 - 3~4명으로 팀을 구성하고 지도교수님이 선정되어 팀프로젝트로 수업이 진행됨',"3학기에 걸친 대규모 프로젝트 수행을 통하여 다음과 같은 목표를 달성한다: - 소프트웨어의 설계, 개발, 테스트, 문서화등의 전반적인 작업에 대한 경험 습득 - 심화 기술에 대한 지식 습득 - 팀 프로젝트 경험 습득'","프로젝트, 3/습득, 3/학기, 2/진행, 2/경험, 2/"
44,12948002,졸업작품Ⅲ,정용주,94.8,AI·소프트웨어학부(소프트웨어전공),전공,,'- 3학기 간에 걸쳐 졸업작품이 진행됨 - 3~4명으로 팀을 구성하고 지도교수님이 선정되어 팀프로젝트로 수업이 진행됨',"3학기에 걸친 대규모 프로젝트 수행을 통하여 다음과 같은 목표를 달성한다: - 소프트웨어의 설계, 개발, 테스트, 문서화등의 전반적인 작업에 대한 경험 습득 - 심화 기술에 대한 지식 습득 - 팀 프로젝트 경험 습득'","프로젝트, 3/습득, 3/학기, 2/진행, 2/경험, 2/"
45,12948002,졸업작품Ⅲ,황효석,93.8,AI·소프트웨어학부(소프트웨어전공),전공,,'- 3학기 간에 걸쳐 졸업작품이 진행됨 - 3~4명으로 팀을 구성하고 지도교수님이 선정되어 팀프로젝트로 수업이 진행됨',"3학기에 걸친 대규모 프로젝트 수행을 통하여 다음과 같은 목표를 달성한다: - 소프트웨어의 설계, 개발, 테스트, 문서화등의 전반적인 작업에 대한 경험 습득 - 심화 기술에 대한 지식 습득 - 팀 프로젝트 경험 습득'","프로젝트, 3/습득, 3/학기, 2/진행, 2/경험, 2/"
46,12948003,졸업작품Ⅲ,강상우,96,AI·소프트웨어학부(소프트웨어전공),전공,,'- 3학기 간에 걸쳐 졸업작품이 진행됨 - 3~4명으로 팀을 구성하고 지도교수님이 선정되어 팀프로젝트로 수업이 진행됨',"3학기에 걸친 대규모 프로젝트 수행을 통하여 다음과 같은 목표를 달성한다: - 소프트웨어의 설계, 개발, 테스트, 문서화등의 전반적인 작업에 대한 경험 습득 - 심화 기술에 대한 지식 습득 - 팀 프로젝트 경험 습득'","프로젝트, 3/습득, 3/학기, 2/진행, 2/경험, 2/"
47,12948003,졸업작품Ⅲ,한명묵,91.8,AI·소프트웨어학부(소프트웨어전공),전공,,'- 3학기 간에 걸쳐 졸업작품이 진행됨 - 3~4명으로 팀을 구성하고 지도교수님이 선정되어 팀프로젝트로 수업이 진행됨',"3학기에 걸친 대규모 프로젝트 수행을 통하여 다음과 같은 목표를 달성한다: - 소프트웨어의 설계, 개발, 테스트, 문서화등의 전반적인 작업에 대한 경험 습득 - 심화 기술에 대한 지식 습득 - 팀 프로젝트 경험 습득'","프로젝트, 3/습득, 3/학기, 2/진행, 2/경험, 2/"
48,12948003,졸업작품Ⅲ,최재영,94,AI·소프트웨어학부(인공지능전공),전공,,'- 3학기 간에 걸쳐 졸업작품이 진행됨 - 3~4명으로 팀을 구성하고 지도교수님이 선정되어 팀프로젝트로 수업이 진행됨',"3학기에 걸친 대규모 프로젝트 수행을 통하여 다음과 같은 목표를 달성한다: - 소프트웨어의 설계, 개발, 테스트, 문서화등의 전반적인 작업에 대한 경험 습득 - 심화 기술에 대한 지식 습득 - 팀 프로젝트 경험 습득'","프로젝트, 3/습득, 3/학기, 2/진행, 2/경험, 2/"
49,12948004,졸업작품Ⅲ,이주형,95.6,AI·소프트웨어학부(소프트웨어전공),전공,,'- 3학기 간에 걸쳐 졸업작품이 진행됨 - 3~4명으로 팀을 구성하고 지도교수님이 선정되어 팀 프로젝트로 수업이 진행됨',"3학기에 걸친 대규모 프로젝트 수행을 통하여 다음과 같은 목표를 달성한다: - 소프트웨어의 설계, 개발, 테스트, 문서화등의 전반적인 작업에 대한 경험 습득 - 심화 기술에 대한 지식 습득 - 팀 프로젝트 경험 습득'","프로젝트, 3/습득, 3/학기, 2/진행, 2/경험, 2/"
50,12948004,졸업작품Ⅲ,최재혁,94,AI·소프트웨어학부(소프트웨어전공),전공,,'- 3학기 간에 걸쳐 졸업작품이 진행됨 - 3~4명으로 팀을 구성하고 지도교수님이 선정되어 팀 프로젝트로 수업이 진행됨',"3학기에 걸친 대규모 프로젝트 수행을 통하여 다음과 같은 목표를 달성한다: - 소프트웨어의 설계, 개발, 테스트, 문서화등의 전반적인 작업에 대한 경험 습득 - 심화 기술에 대한 지식 습득 - 팀 프로젝트 경험 습득'","프로젝트, 3/습득, 3/학기, 2/진행, 2/경험, 2/"
51,11672002,컴퓨터프로그래밍,정용주,98.2,AI·소프트웨어학부(소프트웨어전공),전공,,이 코스는 C 프로그래밍의 기본 기술과 간단한 문제 해결 방법을 배우는 것입니다. 모든 주제는 이론 강의 한 번과 실습 세션 한 번으로 다룹니다.,이 과정에서는 C언어의 기본 개념인 C언어와 그 응용을 통한 문제 해결 방법인 전형적인 C프로그램 개발 환경의 요소인 컴퓨터의 기본 개념을 배우게 됩니다.,"기본, 3/문제 해결, 2/방법, 2/언어, 2/개념, 2/"
52,11672003,컴퓨터프로그래밍,강상우,94,AI·소프트웨어학부(소프트웨어전공),전공,,이 코스는 C 프로그래밍의 기본 기술과 간단한 문제 해결 방법을 배우는 것입니다. 모든 주제는 이론 강의 한 번과 실습 세션 한 번으로 다룹니다.,이 과정에서는 C언어의 기본 개념인 C언어와 그 응용을 통한 문제 해결 방법인 전형적인 C프로그램 개발 환경의 요소인 컴퓨터의 기본 개념을 배우게 됩니다.,"기본, 3/문제 해결, 2/방법, 2/언어, 2/개념, 2/"
53,11672004,컴퓨터프로그래밍,한명묵,79.8,AI·소프트웨어학부(소프트웨어전공),전공,,이 코스는 C 프로그래밍의 기본 기술과 간단한 문제 해결 방법을 배우는 것입니다. 모든 주제는 이론 강의 한 번과 실습 세션 한 번으로 다룹니다.,이 과정에서는 C언어의 기본 개념인 C언어와 그 응용을 통한 문제 해결 방법인 전형적인 C프로그램 개발 환경의 요소인 컴퓨터의 기본 개념을 배우게 됩니다.,"기본, 3/문제 해결, 2/방법, 2/언어, 2/개념, 2/"
54,13176001,클라우드컴퓨팅시스템,이주형,95.6,AI·소프트웨어학부(소프트웨어전공),전공,,"이 과정에서는 클라우드 컴퓨팅의 기본에 대해 설명합니다. 클라우드 컴퓨팅 개요, 분산 시스템, 네트워킹 시스템 등","컴퓨터 네트워킹 및 분산 시스템의 고급 개념 학습, 클라우드 컴퓨팅 시스템의 개념을 학습합니다.","시스템, 4/클라우드 컴퓨팅, 3/분산, 2/네트, 2/워킹, 2/개념, 2/학습, 2/"
55,10380001,확률통계,최재영,93.8,AI·소프트웨어학부(인공지능전공),전공,,수업 특성: - 수학 증명 포함 - 퀴즈와 숙제,이 코스의 주요 목표는 다음과 같습니다. - 확률론의 기초 학습 - 엔지니어와 과학자를 위한 다양한 통계 문제 식별 - 확률과 통계를 적용하여 기계 학습 문제를 해결하는 방법 학습 - 다양한 추론 통계 방법 이해,"학습, 3/통계, 3/문제, 2/방법, 2/"
56,10380003,확률통계,조정찬,94,AI·소프트웨어학부(소프트웨어전공),전공,,수업 특성: - 수학 증명 포함 - 퀴즈와 숙제,이 코스의 주요 목표는 다음과 같습니다. - 확률론의 기초 학습 - 엔지니어와 과학자를 위한 다양한 통계 문제 식별 - 확률과 통계를 적용하여 기계 학습 문제를 해결하는 방법 학습 - 다양한 추론 통계 방법 이해,"학습, 3/통계, 3/문제, 2/방법, 2/"
57,6440001,자료구조및실습,한명묵,85.5,AI·소프트웨어학부(소프트웨어전공),전공,,"이 과정에서는 기본 데이터 구조와 데이터 구조에 대한 알고리즘에 대해 설명합니다. 데이터 구조에는 트리, 그래프 및 해시를 포함한 기본 메모리 및 보조 스토리지 구조가 포함됩니다. 알고리즘에는 트리 및 그래프를 삽입, 삭제 및 검색하고 정렬하는 작업이 포함됩니다.","이 과정에서는 기본 데이터 구조와 데이터 구조에 대한 알고리즘에 대해 설명합니다. 데이터 구조에는 트리, 그래프 및 해시를 포함한 기본 메모리 및 보조 스토리지 구조가 포함됩니다. 알고리즘에는 트리 및 그래프를 삽입, 삭제 및 검색하고 정렬하는 작업이 포함됩니다.","구조, 8/데이터, 6/포함, 6/알고리즘, 4/트리, 4/그래프, 4/과정, 2/기본, 2/설명, 2/해시, 2/기본 메모리, 2/보조, 2/스토리, 2/삽입, 2/삭제, 2/검색, 2/정렬, 2/작업, 2/"
58,6440003,자료구조및실습,김원,95.2,AI·소프트웨어학부,전공,,"이 과정에서는 데이터 저장, 검색, 삽입 및 삭제를 위한 다양한 기술과 알고리즘에 대해 중점적으로 설명합니다. 이 기술은 메모리 내 데이터 구조와 외부 데이터 구조 모두를 대상으로 합니다.",데이터 구조와 알고리즘은 컴퓨터 과학의 기초입니다. 이 과정의 목적은 학생들에게 데이터 구조에서 작동하는 다양한 데이터 구조와 알고리즘을 소개하는 것입니다.,"데이터, 6/구조, 5/알고리즘, 3/과정, 2/기술, 2/"
59,6440004,자료구조및실습,최재영,91.8,AI·소프트웨어학부(인공지능전공),전공,,"이 과정에서는 데이터 저장, 검색, 삽입 및 삭제를 위한 다양한 기술과 알고리즘에 대해 중점적으로 설명합니다. 이 기술은 메모리 내 데이터 구조와 외부 데이터 구조 모두를 대상으로 합니다.",데이터 구조와 알고리즘은 컴퓨터 과학의 기초입니다. 이 과정의 목적은 학생들에게 데이터 구조에서 작동하는 다양한 데이터 구조와 알고리즘을 소개하는 것입니다.,"데이터, 6/구조, 5/알고리즘, 3/과정, 2/기술, 2/"
60,10178001,모바일프로그래밍,조정찬,95.9,AI·소프트웨어학부(소프트웨어전공),전공,,모바일 프로그래밍을 소개합니다.,Android 플랫폼용 모바일 애플리케이션(앱)을 만들고 개발하기 위한 기술을 배운다. Android App Store(Google Play)에 배치할 앱을 만든다.,"모바일, 2/"
61,10178003,모바일프로그래밍,정윤현,97.6,AI·소프트웨어학부(인공지능전공),전공,,모바일 프로그래밍을 소개합니다.,Android 플랫폼용 모바일 애플리케이션(앱)을 만들고 개발하기 위한 기술을 배운다. Android App Store(Google Play)에 배치할 앱을 만든다.,"모바일, 2/"
62,10375001,경영학원론,김학진,89.3,AI·소프트웨어학부,전공,,"경영의 원리 및 제이론들의 핵심 내용과 경영관리 활동의 실천방안에 대한 원칙적 수준을 제시하고 글로벌화와 IT기술의 급변에 따른 패러다임 변화에 지속 가능한 기업 경영을 하도록 하는 안목을 학습하고 특수성과 보편성을 동시에 추구하는 바, 수강생들의 편향적이 아닌 균형된 사고력을 갖고 수업에 참여한다.","현대사회는 새로운 경영패러다임의 변화로 급변하는 환경에 적응하며 어떻게 생존할 것인가 하는 문제에 직면하고 있다. 이에 본 강의는 다음과 같은 목표를 두고자 한다. - 경영학의 기본원리 이해 - 경영 이슈에 대한 문제해결과 의사결정 능력의 배양 - 경영활동의 주요요소 중 하나인 사람, 일, 조직, 리더십 등에 대해 생각해 보는 기회 제공 - 개개인의 자기경영'","경영, 7/원리, 2/활동, 2/급변, 2/패러다임, 2/변화, 2/문제, 2/"
